{
    "$schema": "https://schema.management.azure.com/schemas/2015-01-01/deploymentParameters.json#",
    "contentVersion": "1.0.0.0",
    "parameters": {
        "vulnerabilityAssessments_Default_storageContainerPath": {
            "value": null
        },
        "sites_diabetes_diary_name": {
            "value": null
        },
        "Redis_diabetes_diary_name": {
            "value": null
        },
        "servers_db_server_diabetes_diary_name": {
            "value": null
        },
        "virtualNetworks_vn_diabetes_diary_name": {
            "value": null
        },
        "components_diabetes_diary_insights_name": {
            "value": null
        },
        "publicIPAddresses_public_ip_diabetes_diary_name": {
            "value": null
        },
        "serverfarms_ASP_resourcegroupdiabetesdiary_9b99_name": {
            "value": null
        },
        "privateDnsZones_privatelink_database_windows_net_name": {
            "value": null
        },
        "privateDnsZones_privatelink_redis_cache_windows_net_name": {
            "value": null
        },
        "privateEndpoints_endpoint_private_sql_diabetes_diary_name": {
            "value": null
        },
        "privateEndpoints_diabetes_diary_private_endpoint_redis_name": {
            "value": null
        },
        "networkInterfaces_endpoint_private_sql_diabetes_diary_nic_name": {
            "value": null
        },
        "networkInterfaces_diabetes_diary_private_endpoint_redis_nic_name": {
            "value": null
        },
        "smartdetectoralertrules_failure_anomalies___diabetes_diary_insights_name": {
            "value": null
        },
        "actiongroups_application_insights_smart_detection_externalid": {
            "value": null
        }
    }
}